{
  "1\uc778\ub2f9GDP": {
    "headers": [
      "index",
      "\uc2e4\uc9c8GDP",
      "\uc601\uc548\uc778\uad6c"
    ],
    "rows": [
      [
        2010,
        1577253.1,
        49879811.5
      ],
      [
        2011,
        1635422.7,
        50111475.5
      ],
      [
        2012,
        1677087.8,
        50345324.5
      ],
      [
        2013,
        1732287.4,
        50558951.5
      ],
      [
        2014,
        1787974.9,
        50763158.0
      ],
      [
        2015,
        1840189.0,
        50951719.0
      ],
      [
        2016,
        1898551.1,
        51112971.5
      ],
      [
        2017,
        1963732.0,
        51230704.0
      ],
      [
        2018,
        2026102.4,
        51300879.5
      ],
      [
        2019,
        2072982.4,
        51337423.5
      ],
      [
        2020,
        2058466.5,
        51349259.0
      ],
      [
        2021,
        2153422.9,
        51333252.5
      ],
      [
        2022,
        2212158.9,
        51259149.5
      ],
      [
        2023,
        2243220.4,
        51145884.5
      ],
      [
        2024,
        2288648.7,
        51037252.5
      ],
      [
        2025,
        2320028.613837905,
        50975080.9322643
      ],
      [
        2026,
        2320028.613837905,
        50975080.9322643
      ],
      [
        2027,
        2320028.613837905,
        50975080.9322643
      ],
      [
        2028,
        2320028.613837905,
        50975080.9322643
      ]
    ]
  },
  "\uac74\ubcf4\ub300\uc0c1": {
    "headers": [
      "index",
      "\uac74\ubcf4\ub300\uc0c1\uc790\uc218",
      "\uac74\ubcf4_\uace0\ub839\ud654\ubc18\uc601\ud6c4(\ub300\uc0c1\uc790\uc218)"
    ],
    "rows": [
      [
        2010,
        48906795,
        49783767.93434348
      ],
      [
        2011,
        49299165,
        50207967.64390745
      ],
      [
        2012,
        49662097,
        49480934.40251817
      ],
      [
        2013,
        49989620,
        52384299.07977469
      ],
      [
        2014,
        50316384,
        51257610.163316645
      ],
      [
        2015,
        50490157,
        51362955.38383074
      ],
      [
        2016,
        50763283,
        51667710.02224594
      ],
      [
        2017,
        50940885,
        51967887.8312281
      ],
      [
        2018,
        51071982,
        52001330.187843084
      ],
      [
        2019,
        51391447,
        52360724.79410724
      ],
      [
        2020,
        51344938,
        52391299.82051267
      ],
      [
        2021,
        51412137,
        52358706.29844072
      ],
      [
        2022,
        51409978,
        52421741.0
      ],
      [
        2023,
        51453055,
        52340870.26404685
      ],
      [
        2024,
        51439246,
        52358877.962428704
      ],
      [
        2025,
        51439246,
        52358877.962428704
      ],
      [
        2026,
        51439246,
        52358877.962428704
      ],
      [
        2027,
        51439246,
        52358877.962428704
      ],
      [
        2028,
        51439246,
        52358877.962428704
      ]
    ]
  },
  "\ubc95\uacfc\uc81c\ub3c4": {
    "headers": [
      "index",
      "\uc0c1\uae09\uc885\ud569",
      "\uc885\ud569\ubcd1\uc6d0",
      "\ubcd1\uc6d0",
      "\uc694\uc591\ubcd1\uc6d0",
      "\uc758\uc6d0",
      "\uce58\uacfc\ubcd1\uc6d0",
      "\uce58\uacfc\uc758\uc6d0",
      "\ud55c\ubc29\ubcd1\uc6d0",
      "\ud55c\uc758\uc6d0",
      "\uc57d\uad6d"
    ],
    "rows": [
      [
        2010,
        1.0143,
        1.0113,
        1.0242,
        1.0242,
        1.0038,
        1.0,
        1.0001,
        1.0063,
        1.0063,
        1.0
      ],
      [
        2011,
        1.007,
        1.0052,
        1.0093,
        1.0093,
        1.0022,
        1.0,
        1.0,
        1.0065,
        1.0065,
        1.0
      ],
      [
        2012,
        1.0,
        1.0002,
        1.0,
        1.0,
        1.0,
        1.0253,
        1.0325,
        1.0,
        1.0,
        1.0
      ],
      [
        2013,
        1.001,
        1.0011,
        1.0001,
        1.0001,
        1.0023,
        1.1342,
        1.1342,
        1.002,
        1.002,
        1.0042
      ],
      [
        2014,
        1.0279,
        1.0175,
        1.0063,
        1.0002,
        1.0126,
        1.1498,
        1.1498,
        1.0112,
        1.0112,
        1.0198
      ],
      [
        2015,
        1.0859,
        1.0527,
        1.0249,
        1.0007,
        1.0039,
        1.1152,
        1.1152,
        1.003,
        1.003,
        1.0
      ],
      [
        2016,
        1.0826,
        1.0617,
        1.0269,
        1.0052,
        1.0059,
        1.158,
        1.158,
        1.001,
        1.001,
        1.0
      ],
      [
        2017,
        1.068,
        1.0403,
        1.0465,
        1.0025,
        1.0172,
        1.086,
        1.086,
        1.0004,
        1.0004,
        1.0
      ],
      [
        2018,
        1.0648,
        1.0363,
        1.0226,
        1.0005,
        1.0172,
        1.0008,
        1.0351,
        1.0001,
        1.0001,
        1.0
      ],
      [
        2019,
        1.049,
        1.0517,
        1.0367,
        1.0014,
        1.0152,
        1.0351,
        1.0,
        1.0357,
        1.0357,
        1.0
      ],
      [
        2020,
        1.0121,
        1.0106,
        1.0272,
        1.0006,
        1.0184,
        1.0,
        1.0158,
        1.0199,
        1.0199,
        1.0
      ],
      [
        2021,
        1.0066,
        1.007,
        1.0157,
        1.0004,
        1.0153,
        1.0158,
        1.0001,
        1.0021,
        1.0021,
        1.0
      ],
      [
        2022,
        1.012,
        1.0114,
        1.0101,
        1.0003,
        1.009,
        1.0001,
        1.0,
        1.0004,
        1.0004,
        1.0
      ],
      [
        2023,
        1.0012,
        1.001,
        1.0009,
        1.0,
        1.0004,
        1.0001,
        1.0,
        1.0,
        1.0,
        1.0
      ],
      [
        2024,
        1.0000123379623689,
        1.0001134370221727,
        1.0003091803766961,
        1.0,
        1.0003115471869932,
        1.0,
        1.0,
        1.0056398887392133,
        1.0209207202865545,
        1.0
      ],
      [
        2025,
        1.0,
        1.0,
        1.0,
        1.0,
        1.0,
        1.0,
        1.0,
        1.0,
        1.0,
        1.0
      ],
      [
        2026,
        1.0,
        1.0,
        1.0,
        1.0,
        1.0,
        1.0,
        1.0,
        1.0,
        1.0,
        1.0
      ],
      [
        2027,
        1.0,
        1.0,
        1.0,
        1.0,
        1.0,
        1.0,
        1.0,
        1.0,
        1.0,
        1.0
      ],
      [
        2028,
        1.0,
        1.0,
        1.0,
        1.0,
        1.0,
        1.0,
        1.0,
        1.0,
        1.0,
        1.0
      ]
    ]
  },
  "\uc0c1\ub300\uac00\uce58\ubcc0\ud654": {
    "headers": [
      "index",
      "\uc0c1\uae09\uc885\ud569",
      "\uc885\ud569\ubcd1\uc6d0",
      "\ubcd1\uc6d0",
      "\uc694\uc591\ubcd1\uc6d0",
      "\uc758\uc6d0",
      "\uce58\uacfc\ubcd1\uc6d0",
      "\uce58\uacfc\uc758\uc6d0",
      "\ud55c\ubc29\ubcd1\uc6d0",
      "\ud55c\uc758\uc6d0",
      "\uc57d\uad6d"
    ],